{"loss": [1.2819610834121704, 0.4227735102176666, 0.25538644194602966, 0.17875920236110687, 0.13300977647304535, 0.10351500660181046, 0.08610022813081741, 0.07019668072462082, 0.06026618182659149, 0.05810542404651642], "accuracy": [0.6222917437553406, 0.8647271990776062, 0.9172487258911133, 0.9420015811920166, 0.9558432102203369, 0.9662564992904663, 0.9719752669334412, 0.9764990210533142, 0.9805249571800232, 0.9808805584907532], "val_loss": [0.4786452353000641, 0.24854347109794617, 0.23053666949272156, 0.18193413317203522, 0.12159175425767899, 0.13953033089637756, 0.1158493310213089, 0.1408405303955078, 0.1473231464624405, 0.0897439569234848], "val_accuracy": [0.8517528176307678, 0.9207261800765991, 0.9261325001716614, 0.9424083828926086, 0.961700439453125, 0.9583997130393982, 0.965114951133728, 0.9593102931976318, 0.9568631649017334, 0.9741065502166748]}